species,lat,lon
Chlorochrysa nitidissima,3.5895,-76.5972
Chlorochrysa nitidissima,3.5665,-76.5854
Chlorochrysa nitidissima,3.5388,-76.6062
Chlorochrysa nitidissima,5.1832,-76.08
Chlorochrysa nitidissima,3.5238,-76.617
Chlorochrysa nitidissima,4.7255,-75.5716
Chlorochrysa nitidissima,4.7285,-75.5779
Chlorochrysa nitidissima,5.2037,-75.952
Chlorochrysa nitidissima,3.8687,-76.4311
Chlorochrysa nitidissima,3.5,-76.6333
Chlorochrysa nitidissima,5.3731,-75.891
Chlorochrysa nitidissima,3.5324,-76.6122
Chlorochrysa nitidissima,5.2433,-76.108
Chlorochrysa nitidissima,4.7415,-76.296
Chlorochrysa nitidissima,5.1698,-75.9787
Chlorochrysa nitidissima,4.6302,-75.6321
Chlorochrysa nitidissima,5.4721,-75.1169
Chlorochrysa nitidissima,4.7021,-75.5359
Chlorochrysa nitidissima,4.822,-76.1766
Chlorochrysa nitidissima,5.1918,-75.9575
Chlorochrysa nitidissima,5.1799,-76.1105
Chlorochrysa nitidissima,3.8818,-76.5886
Chlorochrysa nitidissima,3.9414,-76.563
Chlorochrysa nitidissima,4.0109,-76.4763
Chlorochrysa nitidissima,3.423,-76.6603
Chlorochrysa nitidissima,4.6717,-75.6283
Chlorochrysa nitidissima,3.4853,-76.6178
Chlorochrysa nitidissima,4.6738,-75.6075
Chlorochrysa nitidissima,6.9862,-75.1251
Chlorochrysa nitidissima,4.771,-75.6226
Chlorochrysa nitidissima,3.461,-76.6591
Chlorochrysa nitidissima,6.9794,-75.1342
Chlorochrysa nitidissima,7.07,-75.15
Chlorochrysa nitidissima,3.3306,-76.654
Chlorochrysa nitidissima,3.6833,-76.5833
Chlorochrysa nitidissima,3.4333,-76.6167
Chlorochrysa nitidissima,3.8609,-76.1939
Chlorochrysa nitidissima,3.8754,-76.4363
Chlorochrysa nitidissima,6.9888,-75.1202
Chlorochrysa nitidissima,6.8178,-75.0994
Chlorochrysa nitidissima,3.5372,-76.617
Chlorochrysa nitidissima,4.7504,-76.2891
Chlorochrysa nitidissima,4.5529,-76.1368
Chlorochrysa nitidissima,4.6738,-75.6166
Chlorochrysa nitidissima,4.0161,-76.4991
Chlorochrysa nitidissima,3.8939,-76.6408
Chlorochrysa nitidissima,3.9314,-76.5622
Chlorochrysa nitidissima,6.8289,-75.1086
Chlorochrysa nitidissima,4.9516,-75.5409
Chlorochrysa nitidissima,6.9219,-75.0347
Chlorochrysa nitidissima,3.5,-76.63
Chlorochrysa nitidissima,6.5866,-76.2417
Chlorochrysa nitidissima,7.0724,-75.1442
Chlorochrysa nitidissima,7.0825,-75.1562
Chlorochrysa nitidissima,2.519,-76.9149
Chlorochrysa nitidissima,4.7587,-75.5418
Chlorochrysa nitidissima,5.04,-76.0833
Chlorochrysa nitidissima,5.2,-76.1
Chlorochrysa nitidissima,4.763,-75.4967
Chlorochrysa nitidissima,4.7256,-75.5447
Chlorochrysa nitidissima,4.6144,-75.6614
Chlorochrysa nitidissima,5.1926,-76.1421
Chlorochrysa nitidissima,3.5625,-76.5935
Chlorochrysa nitidissima,4.0489,-76.4575
Chlorochrysa nitidissima,4.6789,-75.6139
Chlorochrysa nitidissima,4.6739,-75.6181
Chlorochrysa nitidissima,2.5833,-76.9167
Chlorochrysa nitidissima,3.5748,-76.5813
Chlorochrysa nitidissima,6.9801,-75.1146
Chlorochrysa nitidissima,3.5262,-76.6168
Chlorochrysa nitidissima,4.7198,-75.5639
Chlorochrysa nitidissima,3.4335,-76.6146
Chlorochrysa nitidissima,4.7112,-75.495
Chlorochrysa nitidissima,3.5798,-76.5721
Chlorochrysa nitidissima,3.5629,-76.6041
Chlorochrysa nitidissima,6.8707,-75.0954
Chlorochrysa nitidissima,5.1303,-76.0082
Chlorochrysa nitidissima,5.1917,-76.07
Chlorochrysa nitidissima,4.7582,-75.6115
Chlorochrysa nitidissima,7.0873,-75.1877
Chlorochrysa nitidissima,4.7189,-75.567
Chlorochrysa nitidissima,5.1973,-75.9607
Chlorochrysa nitidissima,6.8678,-75.1087
Chlorochrysa nitidissima,5.176,-75.9763
Chlorochrysa nitidissima,5.1533,-75.9956
Chlorochrysa nitidissima,3.5378,-76.585
Chlorochrysa nitidissima,4.6753,-75.6279
Chlorochrysa nitidissima,3.8809,-76.5635
Chlorochrysa nitidissima,3.4085,-76.6496
Chlorochrysa nitidissima,3.5423,-76.6184
Chlorochrysa nitidissima,3.8774,-76.5579
Chlorochrysa nitidissima,5.2947,-75.8925
Chlorochrysa nitidissima,3.8992,-76.6194
Chlorochrysa nitidissima,3.3754,-76.6346
Chlorochrysa nitidissima,5.1803,-76.0004
Chlorochrysa nitidissima,5.5046,-75.8846
Chlorochrysa nitidissima,3.5601,-76.5763
Chlorochrysa nitidissima,5.2317,-76.0823
Chlorochrysa nitidissima,3.491,-76.6281
Chlorochrysa nitidissima,3.4642,-76.64
Chlorochrysa nitidissima,5.1038,-75.4827
Chlorochrysa nitidissima,5.3807,-75.8882
Chlorochrysa nitidissima,5.2875,-75.9094
Chlorochrysa nitidissima,4.5643,-76.1864
Chlorochrysa nitidissima,4.8102,-76.1718
Chlorochrysa nitidissima,3.5045,-76.6207
Chlorochrysa nitidissima,5.1715,-76.0394
Chlorochrysa nitidissima,7.0598,-75.4007
Chlorochrysa nitidissima,3.5748,-76.5713
Chlorochrysa nitidissima,5.3971,-75.8966
Chlorochrysa nitidissima,5.1737,-76.0205
Chlorochrysa nitidissima,6.9859,-75.1405
Chlorochrysa nitidissima,5.0553,-75.5143
Chlorochrysa nitidissima,2.5077,-77.064
Chlorochrysa nitidissima,3.5697,-76.5886
Chlorochrysa nitidissima,3.555,-76.5792
Chlorochrysa nitidissima,3.315,-76.6386
Chlorochrysa nitidissima,3.8881,-76.6017
Chlorochrysa nitidissima,5.3744,-75.8998
Chlorochrysa nitidissima,7.0916,-75.485
Chlorochrysa nitidissima,3.8647,-76.5553
Chlorochrysa nitidissima,5.2326,-76.0952
Chlorochrysa nitidissima,5.1114,-76.0252
Chlorochrysa nitidissima,5.3521,-75.8795
Chlorochrysa nitidissima,3.5488,-76.5848
Chlorochrysa nitidissima,5.3626,-75.8815
Chlorochrysa nitidissima,3.5434,-76.5992
Chlorochrysa nitidissima,5.2301,-76.0834
Chlorochrysa nitidissima,3.5434,-76.6048
Chlorochrysa nitidissima,3.8882,-76.6289
Chlorochrysa nitidissima,3.8946,-76.6328
Chlorochrysa nitidissima,3.9345,-76.5333
Chlorochrysa nitidissima,3.5676,-76.6086
Chlorochrysa nitidissima,3.9197,-76.1871
Chlorochrysa nitidissima,3.4103,-76.6658
Chlorochrysa nitidissima,3.4339,-76.6336
Chlorochrysa nitidissima,3.4217,-76.6506
Chlorochrysa nitidissima,4.8264,-76.1789
Chlorochrysa nitidissima,4.7022,-76.2192
Chlorochrysa nitidissima,4.6891,-75.5496
Chlorochrysa nitidissima,4.7693,-76.1608
Chlorochrysa nitidissima,4.7125,-75.5536
Chlorochrysa nitidissima,4.7094,-75.5497
Chlorochrysa nitidissima,4.803,-75.5677
Chlorochrysa nitidissima,4.7722,-75.5848
Chlorochrysa nitidissima,4.5653,-76.2555
Chlorochrysa nitidissima,7.0074,-75.1337
Chlorochrysa nitidissima,4.711,-75.4859
Chlorochrysa nitidissima,3.3786,-76.6227
Chlorochrysa nitidissima,4.2254,-75.897
Chlorochrysa nitidissima,4.2275,-75.9069
Chlorochrysa nitidissima,3.8755,-76.1739
Chlorochrysa nitidissima,6.538,-76.262
Chlorochrysa nitidissima,4.7421,-75.5991
Chlorochrysa nitidissima,3.5347,-76.6089
Chlorochrysa nitidissima,3.4576,-76.6632
Chlorochrysa nitidissima,4.6252,-76.2807
Chlorochrysa nitidissima,4.7078,-75.493
Chlorochrysa nitidissima,5.1275,-76.0212
Chlorochrysa nitidissima,3.3271,-76.6206
Chlorochrysa nitidissima,5.4558,-75.0463
Chlorochrysa nitidissima,4.7345,-75.5893
Chlorochrysa nitidissima,4.7383,-75.5921
Chlorochrysa nitidissima,4.7604,-75.6161
Chlorochrysa nitidissima,6.9842,-75.1122
Chlorochrysa nitidissima,4.784,-75.6105
Chlorochrysa nitidissima,3.576,-76.5813
Chlorochrysa nitidissima,4.569,-76.2119
Chlorochrysa nitidissima,4.7113,-75.6069
Chlorochrysa nitidissima,5.1475,-75.9461
Chlorochrysa nitidissima,6.9829,-75.1079
Chlorochrysa nitidissima,4.9595,-75.5343
Chlorochrysa nitidissima,3.5291,-76.5986
Chlorochrysa nitidissima,5.2432,-76.0963
Chlorochrysa nitidissima,5.3156,-75.9079
Chlorochrysa nitidissima,3.8805,-76.5717
Chlorochrysa nitidissima,3.4548,-76.6345
Chlorochrysa nitidissima,4.744,-75.6033
Chlorochrysa nitidissima,5.2391,-76.0893
Chlorochrysa nitidissima,3.2573,-76.6556
Chlorochrysa nitidissima,4.0538,-76.4912
Chlorochrysa nitidissima,3.623,-76.169
Chlorochrysa nitidissima,3.8879,-76.5961
Chlorochrysa nitidissima,3.3275,-76.6442
Chlorochrysa nitidissima,3.6512,-76.5698
Chlorochrysa nitidissima,5.3633,-75.891
Chlorochrysa nitidissima,7.0235,-75.4111
Chlorochrysa nitidissima,5.0759,-75.4986
Chlorochrysa nitidissima,3.3323,-76.6641
Chlorochrysa nitidissima,4.5634,-76.2322
Chlorochrysa nitidissima,3.9062,-76.5354
Chlorochrysa nitidissima,4.9443,-75.5442
Chlorochrysa nitidissima,3.3063,-76.6008
Chlorochrysa nitidissima,3.3704,-76.6253
Chlorochrysa nitidissima,3.4422,-76.6635
Chlorochrysa nitidissima,5.0674,-75.5296
Chlorochrysa nitidissima,5.0695,-75.4413
Chlorochrysa nitidissima,5.4515,-75.0629
Chlorochrysa nitidissima,3.6454,-76.5495
Chlorochrysa nitidissima,4.9976,-75.5513
Chlorochrysa nitidissima,5.5234,-75.0444
Chlorochrysa nitidissima,6.98,-75.1191
Chlorochrysa nitidissima,7.0791,-75.1588
Chlorochrysa nitidissima,4.5914,-75.6334
Chlorochrysa nitidissima,6.969,-75.0535
Chlorochrysa nitidissima,3.5679,-76.608
Chlorochrysa nitidissima,3.5648,-76.5747
Chlorochrysa nitidissima,4.0107,-76.0764
Chlorochrysa nitidissima,5.1874,-75.9776
Chlorochrysa nitidissima,4.8527,-76.2177
Chlorochrysa nitidissima,3.4926,-76.6215
Cistothorus apolinari,4.2777,-74.2564
Cistothorus apolinari,4.7303,-74.1493
Cistothorus apolinari,5.5898,-72.9201
Cistothorus apolinari,5.4908,-72.9353
Cistothorus apolinari,4.2863,-74.2082
Cistothorus apolinari,5.6338,-72.7928
Cistothorus apolinari,5.5447,-72.8854
Cistothorus apolinari,4.1792,-74.2178
Cistothorus apolinari,5.5336,-72.8956
Cistothorus apolinari,5.4924,-72.9426
Cistothorus apolinari,5.4886,-72.9327
Cistothorus apolinari,4.293,-74.2108
Cistothorus apolinari,5.4921,-72.9411
Cistothorus apolinari,4.603,-74.2045
Cistothorus apolinari,5.5292,-72.9369
Cistothorus apolinari,5.8511,-72.5441
Cistothorus apolinari,5.461,-73.769
Cistothorus apolinari,4.7268,-74.1505
Cistothorus apolinari,4.709,-74.1822
Cistothorus apolinari,5.6452,-72.8481
Cistothorus apolinari,5.5234,-72.9358
Cistothorus apolinari,4.2327,-74.2017
Cistothorus apolinari,3.7925,-74.3703
Cistothorus apolinari,3.7913,-74.3692
Cistothorus apolinari,5.861,-72.7133
Cistothorus apolinari,5.6473,-72.7856
Cistothorus apolinari,5.6504,-72.7878
Cistothorus apolinari,5.6225,-72.7951
Cistothorus apolinari,5.6239,-72.7899
Cistothorus apolinari,5.5821,-72.7779
Cistothorus apolinari,5.6144,-72.8004
Cistothorus apolinari,5.5368,-72.7254
Cistothorus apolinari,5.5497,-72.8825
Cistothorus apolinari,5.513,-72.9071
Cistothorus apolinari,5.5142,-72.9237
Cistothorus apolinari,5.4982,-72.9309
Cistothorus apolinari,5.5254,-72.8992
Cistothorus apolinari,5.5084,-72.9125
Cistothorus apolinari,5.5242,-72.8995
Cistothorus apolinari,5.5397,-72.8902
Cistothorus apolinari,5.5956,-72.9181
Cistothorus apolinari,5.5419,-72.9039
Cistothorus apolinari,5.517,-72.9033
Cistothorus apolinari,5.5564,-72.8831
Cistothorus apolinari,5.5735,-72.9027
Cistothorus apolinari,5.5234,-72.9195
Cistothorus apolinari,4.7222,-74.1821
Cistothorus apolinari,5.9,-72.6833
Cistothorus apolinari,5.6333,-72.7833
Cistothorus apolinari,4.7619,-74.1697
Cistothorus apolinari,4.3766,-74.1174
Cistothorus apolinari,4.28,-74.22
Cistothorus apolinari,4.45,-74.05
Cistothorus apolinari,4.25,-74.1833
Cistothorus apolinari,5.7451,-72.7341
Cistothorus apolinari,4.8711,-74.0221
Cistothorus apolinari,6.4649,-72.2593
Cistothorus apolinari,4.7229,-74.1403
Cistothorus apolinari,3.9442,-74.1918
Cistothorus apolinari,5.5789,-72.8971
Cistothorus apolinari,4.7708,-74.069
Cistothorus apolinari,4.9203,-74.1025
Cistothorus apolinari,4.2279,-74.199
Cistothorus apolinari,5.4641,-73.7552
Cistothorus apolinari,4.706,-74.1803
Cistothorus apolinari,3.9689,-74.0895
Cistothorus apolinari,4.6915,-74.2773
Cistothorus apolinari,4.1105,-74.2517
Cistothorus apolinari,5.6389,-72.8139
Cistothorus apolinari,5.593,-72.9076
Cistothorus apolinari,6.4122,-72.3295
Cistothorus apolinari,6.3646,-72.3346
Cistothorus apolinari,5.4538,-73.7418
Cistothorus apolinari,4.6007,-74.263
Cistothorus apolinari,6.3678,-72.3337
Cistothorus apolinari,5.543,-72.9225
Cistothorus apolinari,5.9604,-72.5897
Cistothorus apolinari,4.3095,-74.2092
Cistothorus apolinari,5.5933,-72.9132
Cistothorus apolinari,4.1948,-74.2492
Cistothorus apolinari,5.567,-72.898
Cistothorus apolinari,5.4965,-72.953
Cistothorus apolinari,4.7616,-74.0998
Cistothorus apolinari,5.5731,-72.941
Cistothorus apolinari,5.5111,-72.7244
Cistothorus apolinari,4.3881,-74.1552
Cistothorus apolinari,4.7617,-74.1051
Cistothorus apolinari,4.3263,-74.2075
Cistothorus apolinari,5.5609,-72.8833
Cistothorus apolinari,6.401,-72.3697
Cistothorus apolinari,4.3434,-74.2025
Cistothorus apolinari,5.4543,-73.7736
Cistothorus apolinari,5.5512,-72.9476
Cistothorus apolinari,4.3882,-74.1606
Cistothorus apolinari,4.7196,-74.0955
Cistothorus apolinari,3.7503,-74.4146
Cistothorus apolinari,5.704,-72.7871
Cistothorus apolinari,5.7495,-72.715
Cistothorus apolinari,5.715,-72.6645
Cistothorus apolinari,5.5127,-72.7464
Cistothorus apolinari,4.2889,-74.2105
Cistothorus apolinari,4.3141,-74.2074
Cistothorus apolinari,4.2387,-74.189
Cistothorus apolinari,5.8961,-72.6774
Cistothorus apolinari,5.8817,-72.6684
Cistothorus apolinari,4.2801,-74.1944
Cistothorus apolinari,4.1021,-74.2535
Cistothorus apolinari,6.4717,-72.3528
Cistothorus apolinari,4.211,-74.2492
Cistothorus apolinari,4.2926,-74.2037
Cistothorus apolinari,4.1497,-74.2373
Cistothorus apolinari,4.1138,-74.2493
Cistothorus apolinari,4.7226,-74.1033
Cistothorus apolinari,4.2597,-74.1895
Cistothorus apolinari,5.4733,-73.7716
Cistothorus apolinari,5.2463,-73.8528
Cistothorus apolinari,5.4817,-73.7248
Cistothorus apolinari,5.484,-73.7198
Cistothorus apolinari,4.3042,-74.2108
Cistothorus apolinari,5.5453,-72.7352
Cistothorus apolinari,5.526,-72.8866
Cistothorus apolinari,5.4458,-73.7477
Cistothorus apolinari,5.5817,-72.9262
Cistothorus apolinari,3.7494,-74.4178
Cistothorus apolinari,4.7026,-74.1937
Cistothorus apolinari,4.321,-74.2064
Cistothorus apolinari,6.4012,-72.3635
Cistothorus apolinari,5.5053,-72.9635
Cistothorus apolinari,4.73,-74.19
Diglossa gloriosissima,5.24,-76.1025
Diglossa gloriosissima,6.0298,-76.1713
Diglossa gloriosissima,5.2433,-76.108
Diglossa gloriosissima,5.7699,-76.0472
Diglossa gloriosissima,5.2528,-76.1136
Diglossa gloriosissima,5.2542,-76.1171
Diglossa gloriosissima,5.1799,-76.1105
Diglossa gloriosissima,6.4317,-76.0911
Diglossa gloriosissima,6.4381,-76.0884
Diglossa gloriosissima,5.515,-75.9014
Diglossa gloriosissima,6.4694,-76.1277
Diglossa gloriosissima,5.1777,-76.1022
Diglossa gloriosissima,6.0028,-76.0995
Diglossa gloriosissima,5.6428,-76.0261
Diglossa gloriosissima,5.4769,-75.9072
Diglossa gloriosissima,5.6374,-76.0311
Diglossa gloriosissima,6.4556,-76.1206
Diglossa gloriosissima,5.6341,-76.0538
Diglossa gloriosissima,6.487,-76.1102
Diglossa gloriosissima,6.5047,-76.0584
Diglossa gloriosissima,6.514,-76.0346
Diglossa gloriosissima,6.5067,-76.0575
Diglossa gloriosissima,6.5676,-76.1312
Diglossa gloriosissima,6.0096,-76.1005
Diglossa gloriosissima,6.0112,-76.0994
Diglossa gloriosissima,5.6473,-76.1236
Diglossa gloriosissima,5.7666,-76.0652
Diglossa gloriosissima,2.5333,-76.95
Diglossa gloriosissima,5.6713,-76.119
Diglossa gloriosissima,4.9921,-76.1438
Diglossa gloriosissima,6.4439,-76.1256
Diglossa gloriosissima,5.9913,-76.156
Diglossa gloriosissima,5.1383,-76.2301
Diglossa gloriosissima,5.5402,-75.7966
Diglossa gloriosissima,5.2344,-76.1085
Diglossa gloriosissima,5.1585,-76.095
Diglossa gloriosissima,5.1832,-76.08
Diglossa gloriosissima,5.2301,-76.0834
Diglossa gloriosissima,5.7929,-76.0779
Diglossa gloriosissima,5.486,-75.8923
Diglossa gloriosissima,6.62,-76.1586
Diglossa gloriosissima,5.4992,-75.9081
Diglossa gloriosissima,5.1955,-76.0712
Diglossa gloriosissima,6.6358,-76.147
Diglossa gloriosissima,5.227,-76.083
Diglossa gloriosissima,5.82,-76.1772
Diglossa gloriosissima,5.122,-76.0797
Diglossa gloriosissima,6.4308,-76.0922
Diglossa gloriosissima,5.1381,-76.1847
Diglossa gloriosissima,6.3945,-76.1226
Diglossa gloriosissima,5.1132,-76.0954
Diglossa gloriosissima,5.21,-76.102
Diglossa gloriosissima,5.7802,-76.0468
Euphonia concinna,5.1713,-75.0041
Euphonia concinna,5.2974,-74.7564
Euphonia concinna,5.3301,-74.9202
Euphonia concinna,5.0303,-75.1178
Euphonia concinna,4.2881,-75.1641
Euphonia concinna,4.4803,-74.6092
Euphonia concinna,5.0263,-74.3283
Euphonia concinna,2.2844,-75.6975
Euphonia concinna,2.8993,-75.2703
Euphonia concinna,4.6027,-74.3788
Euphonia concinna,5.2005,-74.7248
Euphonia concinna,4.3579,-75.1588
Euphonia concinna,5.3381,-74.7343
Euphonia concinna,6.7078,-74.2228
Euphonia concinna,2.9485,-75.2578
Euphonia concinna,2.7621,-75.2221
Euphonia concinna,2.2824,-75.6862
Euphonia concinna,5.9073,-74.1195
Euphonia concinna,2.2956,-75.6947
Euphonia concinna,5.3112,-74.8685
Euphonia concinna,3.2517,-75.129
Euphonia concinna,4.4833,-75.1002
Euphonia concinna,4.3511,-74.6517
Euphonia concinna,1.8769,-76.0524
Euphonia concinna,4.1453,-74.7189
Euphonia concinna,3.8553,-74.9414
Euphonia concinna,5.4309,-74.9159
Euphonia concinna,4.7455,-74.5339
Euphonia concinna,4.3299,-74.4943
Euphonia concinna,5.1132,-74.9181
Euphonia concinna,5.0728,-74.7994
Euphonia concinna,5.0931,-74.865
Euphonia concinna,2.02,-75.75
Euphonia concinna,2.27,-75.82
Euphonia concinna,4.58,-74.45
Euphonia concinna,4.3,-74.47
Euphonia concinna,3.3333,-75.1833
Euphonia concinna,3.2228,-75.2225
Euphonia concinna,3.6692,-74.9781
Euphonia concinna,5.0093,-74.5422
Euphonia concinna,4.3,-74.8
Euphonia concinna,4.1748,-74.6936
Euphonia concinna,4.4835,-74.5406
Euphonia concinna,3.9933,-75.0582
Euphonia concinna,4.5801,-74.4358
Euphonia concinna,4.181,-74.7107
Euphonia concinna,4.1921,-74.6791
Euphonia concinna,4.6632,-74.7914
Euphonia concinna,4.2447,-74.9756
Euphonia concinna,3.8109,-75.025
Euphonia concinna,5.0794,-74.957
Euphonia concinna,4.0208,-74.9537
Euphonia concinna,4.5017,-74.5314
Euphonia concinna,4.5543,-74.4502
Euphonia concinna,3.6611,-75.0034
Euphonia concinna,5.0609,-74.5679
Euphonia concinna,5.0579,-74.573
Euphonia concinna,5.0224,-74.4866
Euphonia concinna,5.0439,-74.4974
Euphonia concinna,5.0485,-74.4899
Euphonia concinna,5.0273,-74.4912
Euphonia concinna,5.0623,-74.5132
Euphonia concinna,5.0401,-74.5039
Euphonia concinna,5.0627,-74.4901
Euphonia concinna,5.069,-74.4912
Euphonia concinna,5.0509,-74.4995
Euphonia concinna,4.2515,-74.466
Euphonia concinna,4.2507,-74.663
Euphonia concinna,4.6557,-74.4133
Euphonia concinna,5.0696,-74.8431
Euphonia concinna,5.2332,-74.9
Euphonia concinna,4.3361,-74.4764
Euphonia concinna,5.0924,-74.868
Euphonia concinna,4.3371,-74.4715
Euphonia concinna,5.0908,-74.8652
Euphonia concinna,4.4936,-74.9182
Euphonia concinna,4.6837,-74.3871
Euphonia concinna,5.1661,-74.7695
Euphonia concinna,4.5175,-74.5328
Euphonia concinna,5.6371,-74.836
Euphonia concinna,5.1963,-74.9079
Euphonia concinna,4.3538,-74.6455
Euphonia concinna,3.1778,-75.2544
Euphonia concinna,4.3742,-74.4081
Euphonia concinna,4.5883,-74.4881
Euphonia concinna,3.1655,-75.1888
Euphonia concinna,4.4732,-74.9925
Euphonia concinna,4.2363,-74.5858
Euphonia concinna,5.324,-74.9273
Euphonia concinna,4.3233,-74.5369
Euphonia concinna,4.5032,-74.6022
Euphonia concinna,4.3225,-74.4819
Euphonia concinna,4.721,-74.9299
Euphonia concinna,4.4603,-75.1473
Euphonia concinna,4.3654,-75.1327
Euphonia concinna,4.3781,-75.1831
Euphonia concinna,4.7512,-74.9324
Euphonia concinna,4.4119,-75.295
Euphonia concinna,5.5749,-74.8881
Euphonia concinna,4.2817,-74.8943
Euphonia concinna,5.8334,-74.8667
Euphonia concinna,4.5244,-74.9755
Euphonia concinna,4.3776,-74.6754
Euphonia concinna,4.5249,-74.9735
Euphonia concinna,4.7595,-74.4841
Euphonia concinna,4.4277,-75.2134
Euphonia concinna,5.2114,-74.9017
Euphonia concinna,4.4477,-75.2258
Euphonia concinna,4.9512,-75.077
Euphonia concinna,4.317,-74.5312
Euphonia concinna,4.478,-75.1641
Euphonia concinna,5.3183,-74.9129
Euphonia concinna,4.3213,-74.491
Euphonia concinna,4.3154,-74.5384
Euphonia concinna,6.0501,-74.2625
Euphonia concinna,5.0882,-74.8773
Euphonia concinna,5.6417,-74.7821
Euphonia concinna,5.5961,-74.9527
Euphonia concinna,4.3364,-74.4854
Euphonia concinna,4.2881,-74.8934
Euphonia concinna,4.9703,-74.9083
Euphonia concinna,4.3848,-75.1579
Euphonia concinna,4.9327,-74.9432
Euphonia concinna,3.2362,-75.172
Euphonia concinna,1.9,-76.2808
Euphonia concinna,6.0069,-74.3471
Euphonia concinna,4.4022,-75.1385
Euphonia concinna,4.9652,-74.9068
Euphonia concinna,4.1547,-75.0263
Euphonia concinna,4.9186,-74.7429
Euphonia concinna,4.0367,-74.8361
Euphonia concinna,4.569,-74.8721
Euphonia concinna,4.2461,-74.9088
Euphonia concinna,4.2291,-74.9337
Euphonia concinna,4.9094,-74.7855
Euphonia concinna,5.9425,-74.2134
Euphonia concinna,5.0429,-74.3707
Euphonia concinna,4.5487,-74.5537
Euphonia concinna,5.0294,-74.3368
Euphonia concinna,5.833,-74.867
Euphonia concinna,4.337,-74.6405
Euphonia concinna,4.474,-75.2262
Euphonia concinna,4.1326,-75.0888
Euphonia concinna,5.2421,-74.5709
Euphonia concinna,4.9478,-74.9666
Euphonia concinna,4.2846,-74.9136
Euphonia concinna,4.4083,-75.2915
Euphonia concinna,4.4616,-75.2156
Euphonia concinna,5.0059,-74.9075
Euphonia concinna,4.9228,-75.07
Euphonia concinna,4.6724,-74.8144
Euphonia concinna,4.6075,-74.8478
Euphonia concinna,4.9191,-75.0797
Euphonia concinna,4.2583,-75.0703
Euphonia concinna,4.8751,-75.0222
Euphonia concinna,4.3844,-75.2486
Euphonia concinna,4.9077,-74.7415
Euphonia concinna,5.3128,-74.9141
Euphonia concinna,5.5214,-75.0113
Euphonia concinna,4.3322,-74.8131
Euphonia concinna,4.1396,-74.934
Euphonia concinna,4.6406,-74.3585
Euphonia concinna,4.6756,-74.8218
Euphonia concinna,5.2013,-74.821
Euphonia concinna,4.4229,-75.236
Euphonia concinna,4.357,-75.2193
Euphonia concinna,5.322,-74.9186
Euphonia concinna,4.3314,-74.4303
Euphonia concinna,4.3834,-75.1846
Euphonia concinna,4.4021,-75.0374
Euphonia concinna,4.448,-75.1133
Euphonia concinna,4.8479,-74.7933
Euphonia concinna,5.0176,-74.3315
Euphonia concinna,4.3829,-75.1845
Euphonia concinna,4.9436,-74.8895
Euphonia concinna,1.8723,-76.1278
Euphonia concinna,4.266,-75.0773
Euphonia concinna,5.0666,-74.8414
Euphonia concinna,1.9608,-76.0743
Euphonia concinna,5.298,-74.7627
Euphonia concinna,5.9017,-74.8579
Euphonia concinna,5.8923,-74.8553
Euphonia concinna,4.6639,-74.4287
Euphonia concinna,4.3433,-75.1075
Euphonia concinna,4.2977,-74.7717
Euphonia concinna,4.2863,-74.7775
Euphonia concinna,5.0399,-74.241
Euphonia concinna,4.8948,-74.799
Euphonia concinna,4.8966,-75.0418
Euphonia concinna,4.9536,-74.9669
Euphonia concinna,4.5636,-74.7278
Euphonia concinna,4.3352,-74.4663
Euphonia concinna,4.8599,-74.9042
Euphonia concinna,4.8917,-75.0349
Euphonia concinna,4.6748,-74.7938
Euphonia concinna,1.8872,-76.2952
Euphonia concinna,1.884,-76.1024
Euphonia concinna,2.9324,-75.2796
Euphonia concinna,4.6408,-74.4693
Euphonia concinna,3.305,-75.0861
Euphonia concinna,4.5267,-74.596
Euphonia concinna,2.3798,-75.6267
Euphonia concinna,2.7621,-75.2548
Euphonia concinna,4.8192,-74.5152
Euphonia concinna,3.238,-75.107
Euphonia concinna,4.5359,-74.8783
Euphonia concinna,4.4462,-74.4771
Euphonia concinna,4.9166,-75.0761
Euphonia concinna,2.9656,-75.2935
Euphonia concinna,5.318,-74.934
Euphonia concinna,4.4811,-75.1166
Euphonia concinna,4.3885,-75.322
Euphonia concinna,4.814,-74.512
Euphonia concinna,4.3763,-75.1327
Euphonia concinna,4.4877,-75.1953
Euphonia concinna,5.4687,-74.7267
Euphonia concinna,5.6087,-74.9531
Euphonia concinna,4.3699,-75.142
Euphonia concinna,4.9344,-74.9639
Euphonia concinna,5.7303,-74.5252
Euphonia concinna,5.1217,-74.9783
Euphonia concinna,4.3715,-75.1123
Euphonia concinna,2.8215,-75.3322
Euphonia concinna,4.2032,-74.5597
Euphonia concinna,2.9244,-75.2978
Euphonia concinna,5.0332,-74.4609
Euphonia concinna,3.3019,-75.2956
Euphonia concinna,4.4654,-75.2311
Euphonia concinna,4.6917,-74.8126
Euphonia concinna,1.8936,-76.0761
Euphonia concinna,1.8442,-76.0867
Euphonia concinna,5.1263,-74.8991
Euphonia concinna,4.9864,-74.3259
Euphonia concinna,4.8603,-74.9299
Euphonia concinna,5.0289,-74.5015
Euphonia concinna,4.8937,-75.0293
Euphonia concinna,5.1186,-74.9247
Euphonia concinna,3.8488,-74.9146
Euphonia concinna,5.0024,-74.5892
Euphonia concinna,5.2055,-74.8735
Euphonia concinna,2.5718,-76.0357
Euphonia concinna,4.7846,-74.9578
Euphonia concinna,5.2839,-74.7412
Euphonia concinna,5.081,-74.8484
Euphonia concinna,4.6127,-74.4692
Euphonia concinna,4.88,-74.7977
Euphonia concinna,4.8004,-74.7714
Euphonia concinna,5.2053,-74.7486
Euphonia concinna,5.2014,-74.7324
Euphonia concinna,2.2493,-75.6408
Euphonia concinna,5.1754,-74.7646
Euphonia concinna,4.7937,-74.9662
Euphonia concinna,5.1439,-75.0531
Euphonia concinna,5.201,-74.876
Euphonia concinna,2.488,-75.8659
Euphonia concinna,4.422,-75.2579
Euphonia concinna,4.2916,-74.3778
Euphonia concinna,5.3899,-74.9316
Euphonia concinna,4.5026,-74.5435
Euphonia concinna,5.0915,-74.8732
Euphonia concinna,5.206,-74.7362
Euphonia concinna,5.2117,-74.8952
Euphonia concinna,4.2908,-75.0342
Euphonia concinna,4.2959,-74.7808
Euphonia concinna,4.3007,-74.8352
Euphonia concinna,2.9079,-75.1427
Euphonia concinna,5.1985,-74.4899
Euphonia concinna,4.4455,-75.2596
Euphonia concinna,5.4106,-74.7068
Euphonia concinna,4.2988,-74.7871
Euphonia concinna,3.3668,-74.8024
Euphonia concinna,4.5108,-74.6043
Euphonia concinna,4.5917,-74.3406
Euphonia concinna,4.5146,-74.5355
Euphonia concinna,2.3951,-75.827
Euphonia concinna,2.1758,-75.6582
Euphonia concinna,2.3867,-75.8302
Euphonia concinna,4.5825,-74.5488
Euphonia concinna,4.4512,-75.2215
Euphonia concinna,4.2929,-75.0321
Euphonia concinna,4.4158,-75.2204
Euphonia concinna,5.0785,-74.8395
Euphonia concinna,2.3916,-75.8384
Euphonia concinna,4.5608,-74.5036
Euphonia concinna,2.8568,-75.3217
Euphonia concinna,2.7566,-75.2099
Euphonia concinna,2.4074,-75.7626
Euphonia concinna,4.4416,-74.9823
Euphonia concinna,4.2845,-75.0889
Euphonia concinna,4.1928,-74.5825
Euphonia concinna,4.6741,-74.401
Euphonia concinna,5.1202,-75.0212
Euphonia concinna,4.4123,-75.1373
Euphonia concinna,4.6755,-74.8159
Euphonia concinna,4.3875,-75.1324
Euphonia concinna,4.9612,-74.3841
Euphonia concinna,4.2758,-74.8893
Euphonia concinna,5.9049,-74.1158
Euphonia concinna,4.429,-75.1761
Euphonia concinna,4.9777,-74.2934
Euphonia concinna,2.2267,-75.6288
Euphonia concinna,4.9898,-74.366
Euphonia concinna,4.3095,-74.4877
Euphonia concinna,4.9318,-75.0273
Euphonia concinna,4.8839,-75.0266
Euphonia concinna,4.4389,-74.9638
Euphonia concinna,4.4052,-75.1957
Euphonia concinna,2.2307,-75.4946
Euphonia concinna,4.9341,-75.0276
Euphonia concinna,3.2219,-75.2336
Euphonia concinna,2.4037,-75.8186
Euphonia concinna,3.2988,-75.2921
Euphonia concinna,4.7925,-74.5072
Euphonia concinna,4.32,-74.5159
Euphonia concinna,4.6459,-74.3562
Euphonia concinna,2.3948,-75.6269
Euphonia concinna,4.4496,-75.1994
Euphonia concinna,4.3621,-74.4343
Euphonia concinna,4.5104,-74.528
Euphonia concinna,4.2128,-74.6736
Euphonia concinna,4.4959,-75.0746
Euphonia concinna,5.2983,-74.7715
Euphonia concinna,5.3366,-74.7327
Euphonia concinna,2.3801,-75.6193
Euphonia concinna,4.3719,-74.4106
Euphonia concinna,5.0426,-74.4694
Euphonia concinna,5.3179,-74.8463
Euphonia concinna,5.198,-74.7414
Euphonia concinna,4.965,-74.3292
Euphonia concinna,4.6317,-74.4613
Euphonia concinna,5.2994,-74.7847
Euphonia concinna,6.0015,-74.4043
Euphonia concinna,4.2824,-75.025
Euphonia concinna,6.3703,-74.7039
Euphonia concinna,5.5012,-74.1945
Euphonia concinna,5.0284,-74.4558
Euphonia concinna,4.386,-75.1333
Euphonia concinna,5.3968,-74.885
Euphonia concinna,4.9292,-74.9637
Euphonia concinna,5.0826,-74.3381
Euphonia concinna,4.2019,-74.5555
Euphonia concinna,5.3538,-74.4006
Euphonia concinna,5.3161,-74.8562
Euphonia concinna,4.679,-74.3759
Euphonia concinna,4.5737,-74.4381
Euphonia concinna,4.4544,-75.1208
Euphonia concinna,4.4105,-75.2592
Euphonia concinna,4.383,-74.5208
Euphonia concinna,5.5358,-74.1821
Euphonia concinna,1.8864,-76.2635
Euphonia concinna,4.9784,-74.5582
Euphonia concinna,4.3036,-74.8052
Euphonia concinna,5.5691,-74.8619
Euphonia concinna,5.1937,-74.8905
Euphonia concinna,3.1972,-75.1465
Euphonia concinna,4.282,-75.0141
Euphonia concinna,5.298,-75.0394
Euphonia concinna,2.7589,-75.2113
Euphonia concinna,4.7171,-75.0975
Euphonia concinna,5.4933,-74.1681
Euphonia concinna,4.7873,-74.936
Euphonia concinna,5.042,-74.242
Euphonia concinna,4.4499,-75.223
Euphonia concinna,2.4817,-75.5443
Euphonia concinna,4.3294,-74.464
Euphonia concinna,4.5828,-74.6154
Euphonia concinna,4.3444,-74.4533
Euphonia concinna,4.2321,-74.9307
Euphonia concinna,5.9336,-74.8114
Euphonia concinna,5.8875,-74.6162
Euphonia concinna,5.2512,-74.5705
Euphonia concinna,2.7718,-75.2221
Euphonia concinna,4.2907,-74.4657
Euphonia concinna,4.3504,-74.4435
Euphonia concinna,2.9353,-75.2614
Euphonia concinna,4.3735,-75.2167
Euphonia concinna,5.125,-74.3898
Euphonia concinna,2.3694,-75.5429
Euphonia concinna,4.8637,-74.9155
Euphonia concinna,2.9243,-75.266
Euphonia concinna,1.8555,-75.9828
Euphonia concinna,4.3389,-74.3724
Euphonia concinna,4.9014,-75.0823
Euphonia concinna,4.7995,-74.5169
Euphonia concinna,4.3438,-74.4498
Euphonia concinna,5.0403,-74.3245
Euphonia concinna,2.7439,-75.2003
Euphonia concinna,5.1956,-74.4781
Euphonia concinna,4.3199,-74.8247
