species,lat,lon
Chlorochrysa nitidissima,3.5895,-76.5972
Chlorochrysa nitidissima,3.5665,-76.5854
Chlorochrysa nitidissima,3.5388,-76.6062
Chlorochrysa nitidissima,5.1832,-76.08
Chlorochrysa nitidissima,3.5238,-76.617
Chlorochrysa nitidissima,4.7255,-75.5716
Chlorochrysa nitidissima,4.7285,-75.5779
Chlorochrysa nitidissima,5.2037,-75.952
Chlorochrysa nitidissima,3.8687,-76.4311
Chlorochrysa nitidissima,3.5,-76.6333
Chlorochrysa nitidissima,5.3731,-75.891
Chlorochrysa nitidissima,3.5324,-76.6122
Chlorochrysa nitidissima,5.2433,-76.108
Chlorochrysa nitidissima,4.7415,-76.296
Chlorochrysa nitidissima,5.1698,-75.9787
Chlorochrysa nitidissima,4.6302,-75.6321
Chlorochrysa nitidissima,5.4721,-75.1169
Chlorochrysa nitidissima,4.7021,-75.5359
Chlorochrysa nitidissima,4.822,-76.1766
Chlorochrysa nitidissima,5.1918,-75.9575
Chlorochrysa nitidissima,5.1799,-76.1105
Chlorochrysa nitidissima,3.8818,-76.5886
Chlorochrysa nitidissima,3.9414,-76.563
Chlorochrysa nitidissima,4.0109,-76.4763
Chlorochrysa nitidissima,3.423,-76.6603
Chlorochrysa nitidissima,4.6717,-75.6283
Chlorochrysa nitidissima,3.4853,-76.6178
Chlorochrysa nitidissima,4.6738,-75.6075
Chlorochrysa nitidissima,6.9862,-75.1251
Chlorochrysa nitidissima,4.771,-75.6226
Chlorochrysa nitidissima,3.461,-76.6591
Chlorochrysa nitidissima,6.9794,-75.1342
Chlorochrysa nitidissima,7.07,-75.15
Chlorochrysa nitidissima,3.3306,-76.654
Chlorochrysa nitidissima,3.6833,-76.5833
Chlorochrysa nitidissima,3.4333,-76.6167
Chlorochrysa nitidissima,3.8609,-76.1939
Chlorochrysa nitidissima,3.8754,-76.4363
Chlorochrysa nitidissima,6.9888,-75.1202
Chlorochrysa nitidissima,6.8178,-75.0994
Chlorochrysa nitidissima,3.5372,-76.617
Chlorochrysa nitidissima,4.7504,-76.2891
Chlorochrysa nitidissima,4.5529,-76.1368
Chlorochrysa nitidissima,4.6738,-75.6166
Chlorochrysa nitidissima,4.0161,-76.4991
Chlorochrysa nitidissima,3.8939,-76.6408
Chlorochrysa nitidissima,3.9314,-76.5622
Chlorochrysa nitidissima,6.8289,-75.1086
Chlorochrysa nitidissima,4.9516,-75.5409
Chlorochrysa nitidissima,6.9219,-75.0347
Chlorochrysa nitidissima,3.5,-76.63
Chlorochrysa nitidissima,6.5866,-76.2417
Chlorochrysa nitidissima,7.0724,-75.1442
Chlorochrysa nitidissima,7.0825,-75.1562
Chlorochrysa nitidissima,2.519,-76.9149
Chlorochrysa nitidissima,4.7587,-75.5418
Chlorochrysa nitidissima,5.04,-76.0833
Chlorochrysa nitidissima,5.2,-76.1
Chlorochrysa nitidissima,4.763,-75.4967
Chlorochrysa nitidissima,4.7256,-75.5447
Chlorochrysa nitidissima,4.6144,-75.6614
Chlorochrysa nitidissima,5.1926,-76.1421
Chlorochrysa nitidissima,3.5625,-76.5935
Chlorochrysa nitidissima,4.0489,-76.4575
Chlorochrysa nitidissima,4.6789,-75.6139
Chlorochrysa nitidissima,4.6739,-75.6181
Chlorochrysa nitidissima,2.5833,-76.9167
Chlorochrysa nitidissima,3.5748,-76.5813
Chlorochrysa nitidissima,6.9801,-75.1146
Chlorochrysa nitidissima,3.5262,-76.6168
Chlorochrysa nitidissima,4.7198,-75.5639
Chlorochrysa nitidissima,3.4335,-76.6146
Chlorochrysa nitidissima,4.7112,-75.495
Chlorochrysa nitidissima,3.5798,-76.5721
Chlorochrysa nitidissima,3.5629,-76.6041
Chlorochrysa nitidissima,6.8707,-75.0954
Chlorochrysa nitidissima,5.1303,-76.0082
Chlorochrysa nitidissima,5.1917,-76.07
Chlorochrysa nitidissima,4.7582,-75.6115
Chlorochrysa nitidissima,7.0873,-75.1877
Chlorochrysa nitidissima,4.7189,-75.567
Chlorochrysa nitidissima,5.1973,-75.9607
Chlorochrysa nitidissima,6.8678,-75.1087
Chlorochrysa nitidissima,5.176,-75.9763
Chlorochrysa nitidissima,5.1533,-75.9956
Chlorochrysa nitidissima,3.5378,-76.585
Chlorochrysa nitidissima,4.6753,-75.6279
Chlorochrysa nitidissima,3.8809,-76.5635
Chlorochrysa nitidissima,3.4085,-76.6496
Chlorochrysa nitidissima,3.5423,-76.6184
Chlorochrysa nitidissima,3.8774,-76.5579
Chlorochrysa nitidissima,5.2947,-75.8925
Chlorochrysa nitidissima,3.8992,-76.6194
Chlorochrysa nitidissima,3.3754,-76.6346
Chlorochrysa nitidissima,5.1803,-76.0004
Chlorochrysa nitidissima,5.5046,-75.8846
Chlorochrysa nitidissima,3.5601,-76.5763
Chlorochrysa nitidissima,5.2317,-76.0823
Chlorochrysa nitidissima,3.491,-76.6281
Chlorochrysa nitidissima,3.4642,-76.64
Chlorochrysa nitidissima,5.1038,-75.4827
Chlorochrysa nitidissima,5.3807,-75.8882
Chlorochrysa nitidissima,5.2875,-75.9094
Chlorochrysa nitidissima,4.5643,-76.1864
Chlorochrysa nitidissima,4.8102,-76.1718
Chlorochrysa nitidissima,3.5045,-76.6207
Chlorochrysa nitidissima,5.1715,-76.0394
Chlorochrysa nitidissima,7.0598,-75.4007
Chlorochrysa nitidissima,3.5748,-76.5713
Chlorochrysa nitidissima,5.3971,-75.8966
Chlorochrysa nitidissima,5.1737,-76.0205
Chlorochrysa nitidissima,6.9859,-75.1405
Chlorochrysa nitidissima,5.0553,-75.5143
Chlorochrysa nitidissima,2.5077,-77.064
Chlorochrysa nitidissima,3.5697,-76.5886
Chlorochrysa nitidissima,3.555,-76.5792
Chlorochrysa nitidissima,3.315,-76.6386
Chlorochrysa nitidissima,3.8881,-76.6017
Chlorochrysa nitidissima,5.3744,-75.8998
Chlorochrysa nitidissima,7.0916,-75.485
Chlorochrysa nitidissima,3.8647,-76.5553
Chlorochrysa nitidissima,5.2326,-76.0952
Chlorochrysa nitidissima,5.1114,-76.0252
Chlorochrysa nitidissima,5.3521,-75.8795
Chlorochrysa nitidissima,3.5488,-76.5848
Chlorochrysa nitidissima,5.3626,-75.8815
Chlorochrysa nitidissima,3.5434,-76.5992
Chlorochrysa nitidissima,5.2301,-76.0834
Chlorochrysa nitidissima,3.5434,-76.6048
Chlorochrysa nitidissima,3.8882,-76.6289
Chlorochrysa nitidissima,3.8946,-76.6328
Chlorochrysa nitidissima,3.9345,-76.5333
Chlorochrysa nitidissima,3.5676,-76.6086
Chlorochrysa nitidissima,3.9197,-76.1871
Chlorochrysa nitidissima,3.4103,-76.6658
Chlorochrysa nitidissima,3.4339,-76.6336
Chlorochrysa nitidissima,3.4217,-76.6506
Chlorochrysa nitidissima,4.8264,-76.1789
Chlorochrysa nitidissima,4.7022,-76.2192
Chlorochrysa nitidissima,4.6891,-75.5496
Chlorochrysa nitidissima,4.7693,-76.1608
Chlorochrysa nitidissima,4.7125,-75.5536
Chlorochrysa nitidissima,4.7094,-75.5497
Chlorochrysa nitidissima,4.803,-75.5677
Chlorochrysa nitidissima,4.7722,-75.5848
Chlorochrysa nitidissima,4.5653,-76.2555
Chlorochrysa nitidissima,7.0074,-75.1337
Chlorochrysa nitidissima,4.711,-75.4859
Chlorochrysa nitidissima,3.3786,-76.6227
Chlorochrysa nitidissima,4.2254,-75.897
Chlorochrysa nitidissima,4.2275,-75.9069
Chlorochrysa nitidissima,3.8755,-76.1739
Chlorochrysa nitidissima,6.538,-76.262
Chlorochrysa nitidissima,4.7421,-75.5991
Chlorochrysa nitidissima,3.5347,-76.6089
Chlorochrysa nitidissima,3.4576,-76.6632
Chlorochrysa nitidissima,4.6252,-76.2807
Chlorochrysa nitidissima,4.7078,-75.493
Chlorochrysa nitidissima,5.1275,-76.0212
Chlorochrysa nitidissima,3.3271,-76.6206
Chlorochrysa nitidissima,5.4558,-75.0463
Chlorochrysa nitidissima,4.7345,-75.5893
Chlorochrysa nitidissima,4.7383,-75.5921
Chlorochrysa nitidissima,4.7604,-75.6161
Chlorochrysa nitidissima,6.9842,-75.1122
Chlorochrysa nitidissima,4.784,-75.6105
Chlorochrysa nitidissima,3.576,-76.5813
Chlorochrysa nitidissima,4.569,-76.2119
Chlorochrysa nitidissima,4.7113,-75.6069
Chlorochrysa nitidissima,5.1475,-75.9461
Chlorochrysa nitidissima,6.9829,-75.1079
Chlorochrysa nitidissima,4.9595,-75.5343
Chlorochrysa nitidissima,3.5291,-76.5986
Chlorochrysa nitidissima,5.2432,-76.0963
Chlorochrysa nitidissima,5.3156,-75.9079
Chlorochrysa nitidissima,3.8805,-76.5717
Chlorochrysa nitidissima,3.4548,-76.6345
Chlorochrysa nitidissima,4.744,-75.6033
Chlorochrysa nitidissima,5.2391,-76.0893
Chlorochrysa nitidissima,3.2573,-76.6556
Chlorochrysa nitidissima,4.0538,-76.4912
Chlorochrysa nitidissima,3.623,-76.169
Chlorochrysa nitidissima,3.8879,-76.5961
Chlorochrysa nitidissima,3.3275,-76.6442
Chlorochrysa nitidissima,3.6512,-76.5698
Chlorochrysa nitidissima,5.3633,-75.891
Chlorochrysa nitidissima,7.0235,-75.4111
Chlorochrysa nitidissima,5.0759,-75.4986
Chlorochrysa nitidissima,3.3323,-76.6641
Chlorochrysa nitidissima,4.5634,-76.2322
Chlorochrysa nitidissima,3.9062,-76.5354
Chlorochrysa nitidissima,4.9443,-75.5442
Chlorochrysa nitidissima,3.3063,-76.6008
Chlorochrysa nitidissima,3.3704,-76.6253
Chlorochrysa nitidissima,3.4422,-76.6635
Chlorochrysa nitidissima,5.0674,-75.5296
Chlorochrysa nitidissima,5.0695,-75.4413
Chlorochrysa nitidissima,5.4515,-75.0629
Chlorochrysa nitidissima,3.6454,-76.5495
Chlorochrysa nitidissima,4.9976,-75.5513
Chlorochrysa nitidissima,5.5234,-75.0444
Chlorochrysa nitidissima,6.98,-75.1191
Chlorochrysa nitidissima,7.0791,-75.1588
Chlorochrysa nitidissima,4.5914,-75.6334
Chlorochrysa nitidissima,6.969,-75.0535
Chlorochrysa nitidissima,3.5679,-76.608
Chlorochrysa nitidissima,3.5648,-76.5747
Chlorochrysa nitidissima,4.0107,-76.0764
Chlorochrysa nitidissima,5.1874,-75.9776
Chlorochrysa nitidissima,4.8527,-76.2177
Chlorochrysa nitidissima,3.4926,-76.6215
