scientificName,latitude,longitude
Euphonia concinna,5.2974,-74.7564
Euphonia concinna,5.3301,-74.9202
Euphonia concinna,5.0303,-75.1178
Euphonia concinna,4.2881,-75.1641
Euphonia concinna,4.4803,-74.6092
Euphonia concinna,5.0263,-74.3283
Euphonia concinna,2.2844,-75.6975
Euphonia concinna,2.8993,-75.2703
Euphonia concinna,4.6027,-74.3788
Euphonia concinna,5.2005,-74.7248
Euphonia concinna,4.3579,-75.1588
Euphonia concinna,5.3381,-74.7343
Euphonia concinna,6.7078,-74.2228
Euphonia concinna,2.9485,-75.2578
Euphonia concinna,2.7621,-75.2221
Euphonia concinna,2.2824,-75.6862
Euphonia concinna,5.9073,-74.1195
Euphonia concinna,2.2956,-75.6947
Euphonia concinna,5.3112,-74.8685
Euphonia concinna,3.2517,-75.129
Euphonia concinna,4.4833,-75.1002
Euphonia concinna,4.3511,-74.6517
Euphonia concinna,1.8769,-76.0524
Euphonia concinna,4.1453,-74.7189
Euphonia concinna,3.8553,-74.9414
Euphonia concinna,5.4309,-74.9159
Euphonia concinna,4.7455,-74.5339
Euphonia concinna,4.3299,-74.4943
Euphonia concinna,5.1132,-74.9181
Euphonia concinna,5.0728,-74.7994
Euphonia concinna,5.0931,-74.865
Euphonia concinna,2.02,-75.75
Euphonia concinna,2.27,-75.82
Euphonia concinna,4.58,-74.45
Euphonia concinna,4.3,-74.47
Euphonia concinna,3.3333,-75.1833
Euphonia concinna,3.2228,-75.2225
Euphonia concinna,3.6692,-74.9781
Euphonia concinna,5.0093,-74.5422
Euphonia concinna,4.3,-74.8
Euphonia concinna,4.1748,-74.6936
Euphonia concinna,4.4835,-74.5406
Euphonia concinna,3.9933,-75.0582
Euphonia concinna,4.5801,-74.4358
Euphonia concinna,4.181,-74.7107
Euphonia concinna,4.1921,-74.6791
Euphonia concinna,4.6632,-74.7914
Euphonia concinna,4.2447,-74.9756
Euphonia concinna,3.8109,-75.025
Euphonia concinna,5.0794,-74.957
Euphonia concinna,4.0208,-74.9537
Euphonia concinna,4.5017,-74.5314
Euphonia concinna,4.5543,-74.4502
Euphonia concinna,3.6611,-75.0034
Euphonia concinna,5.0609,-74.5679
Euphonia concinna,5.0579,-74.573
Euphonia concinna,5.0224,-74.4866
Euphonia concinna,5.0439,-74.4974
Euphonia concinna,5.0485,-74.4899
Euphonia concinna,5.0273,-74.4912
Euphonia concinna,5.0623,-74.5132
Euphonia concinna,5.0401,-74.5039
Euphonia concinna,5.0627,-74.4901
Euphonia concinna,5.069,-74.4912
Euphonia concinna,5.0509,-74.4995
Euphonia concinna,4.2515,-74.466
Euphonia concinna,4.2507,-74.663
Euphonia concinna,4.6557,-74.4133
Euphonia concinna,5.0696,-74.8431
Euphonia concinna,5.2332,-74.9
Euphonia concinna,4.3361,-74.4764
Euphonia concinna,5.0924,-74.868
Euphonia concinna,4.3371,-74.4715
Euphonia concinna,5.0908,-74.8652
Euphonia concinna,4.4936,-74.9182
Euphonia concinna,4.6837,-74.3871
Euphonia concinna,5.1661,-74.7695
Euphonia concinna,4.5175,-74.5328
Euphonia concinna,5.6371,-74.836
Euphonia concinna,5.1963,-74.9079
Euphonia concinna,4.3538,-74.6455
Euphonia concinna,3.1778,-75.2544
Euphonia concinna,4.3742,-74.4081
Euphonia concinna,4.5883,-74.4881
Euphonia concinna,3.1655,-75.1888
Euphonia concinna,4.4732,-74.9925
Euphonia concinna,4.2363,-74.5858
Euphonia concinna,5.324,-74.9273
Euphonia concinna,4.3233,-74.5369
Euphonia concinna,4.5032,-74.6022
Euphonia concinna,4.3225,-74.4819
Euphonia concinna,4.721,-74.9299
Euphonia concinna,4.4603,-75.1473
Euphonia concinna,4.3654,-75.1327
Euphonia concinna,4.3781,-75.1831
Euphonia concinna,4.7512,-74.9324
Euphonia concinna,4.4119,-75.295
Euphonia concinna,5.5749,-74.8881
Euphonia concinna,4.2817,-74.8943
Euphonia concinna,5.8334,-74.8667
Euphonia concinna,4.5244,-74.9755
Euphonia concinna,4.3776,-74.6754
Euphonia concinna,4.5249,-74.9735
Euphonia concinna,4.7595,-74.4841
Euphonia concinna,4.4277,-75.2134
Euphonia concinna,5.2114,-74.9017
Euphonia concinna,4.4477,-75.2258
Euphonia concinna,4.9512,-75.077
Euphonia concinna,4.317,-74.5312
Euphonia concinna,4.478,-75.1641
Euphonia concinna,5.3183,-74.9129
Euphonia concinna,4.3213,-74.491
Euphonia concinna,4.3154,-74.5384
Euphonia concinna,6.0501,-74.2625
Euphonia concinna,5.0882,-74.8773
Euphonia concinna,5.6417,-74.7821
Euphonia concinna,5.5961,-74.9527
Euphonia concinna,4.3364,-74.4854
Euphonia concinna,4.2881,-74.8934
Euphonia concinna,4.9703,-74.9083
Euphonia concinna,4.3848,-75.1579
Euphonia concinna,4.9327,-74.9432
Euphonia concinna,3.2362,-75.172
Euphonia concinna,1.9,-76.2808
Euphonia concinna,6.0069,-74.3471
Euphonia concinna,4.4022,-75.1385
Euphonia concinna,4.9652,-74.9068
Euphonia concinna,4.1547,-75.0263
Euphonia concinna,4.9186,-74.7429
Euphonia concinna,4.0367,-74.8361
Euphonia concinna,4.569,-74.8721
Euphonia concinna,4.2461,-74.9088
Euphonia concinna,4.2291,-74.9337
Euphonia concinna,4.9094,-74.7855
Euphonia concinna,5.9425,-74.2134
Euphonia concinna,5.0429,-74.3707
Euphonia concinna,4.5487,-74.5537
Euphonia concinna,5.0294,-74.3368
Euphonia concinna,5.833,-74.867
Euphonia concinna,4.337,-74.6405
Euphonia concinna,4.474,-75.2262
Euphonia concinna,4.1326,-75.0888
Euphonia concinna,5.2421,-74.5709
Euphonia concinna,4.9478,-74.9666
Euphonia concinna,4.2846,-74.9136
Euphonia concinna,4.4083,-75.2915
Euphonia concinna,4.4616,-75.2156
Euphonia concinna,5.0059,-74.9075
Euphonia concinna,4.9228,-75.07
Euphonia concinna,4.6724,-74.8144
Euphonia concinna,4.6075,-74.8478
Euphonia concinna,4.9191,-75.0797
Euphonia concinna,4.2583,-75.0703
Euphonia concinna,4.8751,-75.0222
Euphonia concinna,4.3844,-75.2486
Euphonia concinna,4.9077,-74.7415
Euphonia concinna,5.3128,-74.9141
Euphonia concinna,5.5214,-75.0113
Euphonia concinna,4.3322,-74.8131
Euphonia concinna,4.1396,-74.934
Euphonia concinna,4.6406,-74.3585
Euphonia concinna,4.6756,-74.8218
Euphonia concinna,5.2013,-74.821
Euphonia concinna,4.4229,-75.236
Euphonia concinna,4.357,-75.2193
Euphonia concinna,5.322,-74.9186
Euphonia concinna,4.3314,-74.4303
Euphonia concinna,4.3834,-75.1846
Euphonia concinna,4.4021,-75.0374
Euphonia concinna,4.448,-75.1133
Euphonia concinna,4.8479,-74.7933
Euphonia concinna,5.0176,-74.3315
Euphonia concinna,4.3829,-75.1845
Euphonia concinna,4.9436,-74.8895
Euphonia concinna,1.8723,-76.1278
Euphonia concinna,4.266,-75.0773
Euphonia concinna,5.0666,-74.8414
Euphonia concinna,1.9608,-76.0743
Euphonia concinna,5.298,-74.7627
Euphonia concinna,5.9017,-74.8579
Euphonia concinna,5.8923,-74.8553
Euphonia concinna,4.6639,-74.4287
Euphonia concinna,4.3433,-75.1075
Euphonia concinna,4.2977,-74.7717
Euphonia concinna,4.2863,-74.7775
Euphonia concinna,5.0399,-74.241
Euphonia concinna,4.8948,-74.799
Euphonia concinna,4.8966,-75.0418
Euphonia concinna,4.9536,-74.9669
Euphonia concinna,4.5636,-74.7278
Euphonia concinna,4.3352,-74.4663
Euphonia concinna,4.8599,-74.9042
Euphonia concinna,4.8917,-75.0349
Euphonia concinna,4.6748,-74.7938
Euphonia concinna,1.8872,-76.2952
Euphonia concinna,1.884,-76.1024
Euphonia concinna,2.9324,-75.2796
Euphonia concinna,4.6408,-74.4693
Euphonia concinna,3.305,-75.0861
Euphonia concinna,4.5267,-74.596
Euphonia concinna,2.3798,-75.6267
Euphonia concinna,2.7621,-75.2548
Euphonia concinna,4.8192,-74.5152
Euphonia concinna,3.238,-75.107
Euphonia concinna,4.5359,-74.8783
Euphonia concinna,4.4462,-74.4771
Euphonia concinna,4.9166,-75.0761
Euphonia concinna,2.9656,-75.2935
Euphonia concinna,5.318,-74.934
Euphonia concinna,4.4811,-75.1166
Euphonia concinna,4.3885,-75.322
Euphonia concinna,4.814,-74.512
Euphonia concinna,4.3763,-75.1327
Euphonia concinna,4.4877,-75.1953
Euphonia concinna,5.4687,-74.7267
Euphonia concinna,5.6087,-74.9531
Euphonia concinna,4.3699,-75.142
Euphonia concinna,4.9344,-74.9639
Euphonia concinna,5.7303,-74.5252
Euphonia concinna,5.1217,-74.9783
Euphonia concinna,4.3715,-75.1123
Euphonia concinna,2.8215,-75.3322
Euphonia concinna,4.2032,-74.5597
Euphonia concinna,2.9244,-75.2978
Euphonia concinna,5.0332,-74.4609
Euphonia concinna,3.3019,-75.2956
Euphonia concinna,4.4654,-75.2311
Euphonia concinna,4.6917,-74.8126
Euphonia concinna,1.8936,-76.0761
Euphonia concinna,1.8442,-76.0867
Euphonia concinna,5.1263,-74.8991
Euphonia concinna,4.9864,-74.3259
Euphonia concinna,4.8603,-74.9299
Euphonia concinna,5.0289,-74.5015
Euphonia concinna,4.8937,-75.0293
Euphonia concinna,5.1186,-74.9247
Euphonia concinna,3.8488,-74.9146
Euphonia concinna,5.0024,-74.5892
Euphonia concinna,5.2055,-74.8735
Euphonia concinna,2.5718,-76.0357
Euphonia concinna,4.7846,-74.9578
Euphonia concinna,5.2839,-74.7412
Euphonia concinna,5.081,-74.8484
Euphonia concinna,4.6127,-74.4692
Euphonia concinna,4.88,-74.7977
Euphonia concinna,4.8004,-74.7714
Euphonia concinna,5.2053,-74.7486
Euphonia concinna,5.2014,-74.7324
Euphonia concinna,2.2493,-75.6408
Euphonia concinna,5.1754,-74.7646
Euphonia concinna,4.7937,-74.9662
Euphonia concinna,5.1439,-75.0531
Euphonia concinna,5.201,-74.876
Euphonia concinna,2.488,-75.8659
Euphonia concinna,4.422,-75.2579
Euphonia concinna,4.2916,-74.3778
Euphonia concinna,5.3899,-74.9316
Euphonia concinna,4.5026,-74.5435
Euphonia concinna,5.0915,-74.8732
Euphonia concinna,5.206,-74.7362
Euphonia concinna,5.2117,-74.8952
Euphonia concinna,4.2908,-75.0342
Euphonia concinna,4.2959,-74.7808
Euphonia concinna,4.3007,-74.8352
Euphonia concinna,2.9079,-75.1427
Euphonia concinna,5.1985,-74.4899
Euphonia concinna,4.4455,-75.2596
Euphonia concinna,5.4106,-74.7068
Euphonia concinna,4.2988,-74.7871
Euphonia concinna,3.3668,-74.8024
Euphonia concinna,4.5108,-74.6043
Euphonia concinna,4.5917,-74.3406
Euphonia concinna,4.5146,-74.5355
Euphonia concinna,2.3951,-75.827
Euphonia concinna,2.1758,-75.6582
Euphonia concinna,2.3867,-75.8302
Euphonia concinna,4.5825,-74.5488
Euphonia concinna,4.4512,-75.2215
Euphonia concinna,4.2929,-75.0321
Euphonia concinna,4.4158,-75.2204
Euphonia concinna,5.0785,-74.8395
Euphonia concinna,2.3916,-75.8384
Euphonia concinna,4.5608,-74.5036
Euphonia concinna,2.8568,-75.3217
Euphonia concinna,2.7566,-75.2099
Euphonia concinna,2.4074,-75.7626
Euphonia concinna,4.4416,-74.9823
Euphonia concinna,4.2845,-75.0889
Euphonia concinna,4.1928,-74.5825
Euphonia concinna,4.6741,-74.401
Euphonia concinna,5.1202,-75.0212
Euphonia concinna,4.4123,-75.1373
Euphonia concinna,4.6755,-74.8159
Euphonia concinna,4.3875,-75.1324
Euphonia concinna,4.9612,-74.3841
Euphonia concinna,4.2758,-74.8893
Euphonia concinna,5.9049,-74.1158
Euphonia concinna,4.429,-75.1761
Euphonia concinna,4.9777,-74.2934
Euphonia concinna,2.2267,-75.6288
Euphonia concinna,4.9898,-74.366
Euphonia concinna,4.3095,-74.4877
Euphonia concinna,4.9318,-75.0273
Euphonia concinna,4.8839,-75.0266
Euphonia concinna,4.4389,-74.9638
Euphonia concinna,4.4052,-75.1957
Euphonia concinna,2.2307,-75.4946
Euphonia concinna,4.9341,-75.0276
Euphonia concinna,3.2219,-75.2336
Euphonia concinna,2.4037,-75.8186
Euphonia concinna,3.2988,-75.2921
Euphonia concinna,4.7925,-74.5072
Euphonia concinna,4.32,-74.5159
Euphonia concinna,4.6459,-74.3562
Euphonia concinna,2.3948,-75.6269
Euphonia concinna,4.4496,-75.1994
Euphonia concinna,4.3621,-74.4343
Euphonia concinna,4.5104,-74.528
Euphonia concinna,4.2128,-74.6736
Euphonia concinna,4.4959,-75.0746
Euphonia concinna,5.2983,-74.7715
Euphonia concinna,5.3366,-74.7327
Euphonia concinna,2.3801,-75.6193
Euphonia concinna,4.3719,-74.4106
Euphonia concinna,5.0426,-74.4694
Euphonia concinna,5.3179,-74.8463
Euphonia concinna,5.198,-74.7414
Euphonia concinna,4.965,-74.3292
Euphonia concinna,4.6317,-74.4613
Euphonia concinna,5.2994,-74.7847
Euphonia concinna,6.0015,-74.4043
Euphonia concinna,4.2824,-75.025
Euphonia concinna,6.3703,-74.7039
Euphonia concinna,5.5012,-74.1945
Euphonia concinna,5.0284,-74.4558
Euphonia concinna,4.386,-75.1333
Euphonia concinna,5.3968,-74.885
Euphonia concinna,4.9292,-74.9637
Euphonia concinna,5.0826,-74.3381
Euphonia concinna,4.2019,-74.5555
Euphonia concinna,5.3538,-74.4006
Euphonia concinna,5.3161,-74.8562
Euphonia concinna,4.679,-74.3759
Euphonia concinna,4.5737,-74.4381
Euphonia concinna,4.4544,-75.1208
Euphonia concinna,4.4105,-75.2592
Euphonia concinna,4.383,-74.5208
Euphonia concinna,5.5358,-74.1821
Euphonia concinna,1.8864,-76.2635
Euphonia concinna,4.9784,-74.5582
Euphonia concinna,4.3036,-74.8052
Euphonia concinna,5.5691,-74.8619
Euphonia concinna,5.1937,-74.8905
Euphonia concinna,3.1972,-75.1465
Euphonia concinna,4.282,-75.0141
Euphonia concinna,5.298,-75.0394
Euphonia concinna,2.7589,-75.2113
Euphonia concinna,4.7171,-75.0975
Euphonia concinna,5.4933,-74.1681
Euphonia concinna,4.7873,-74.936
Euphonia concinna,5.042,-74.242
Euphonia concinna,4.4499,-75.223
Euphonia concinna,2.4817,-75.5443
Euphonia concinna,4.3294,-74.464
Euphonia concinna,4.5828,-74.6154
Euphonia concinna,4.3444,-74.4533
Euphonia concinna,4.2321,-74.9307
Euphonia concinna,5.9336,-74.8114
Euphonia concinna,5.8875,-74.6162
Euphonia concinna,5.2512,-74.5705
Euphonia concinna,2.7718,-75.2221
Euphonia concinna,4.2907,-74.4657
Euphonia concinna,4.3504,-74.4435
Euphonia concinna,2.9353,-75.2614
Euphonia concinna,4.3735,-75.2167
Euphonia concinna,5.125,-74.3898
Euphonia concinna,2.3694,-75.5429
Euphonia concinna,4.8637,-74.9155
Euphonia concinna,2.9243,-75.266
Euphonia concinna,1.8555,-75.9828
Euphonia concinna,4.3389,-74.3724
Euphonia concinna,4.9014,-75.0823
Euphonia concinna,4.7995,-74.5169
Euphonia concinna,4.3438,-74.4498
Euphonia concinna,5.0403,-74.3245
Euphonia concinna,2.7439,-75.2003
Euphonia concinna,5.1956,-74.4781
Euphonia concinna,4.3199,-74.8247
