acceptedNameUsage,decimalLatitude,decimalLongitude
Bucco noanamae,5.6688,-76.6514
Bucco noanamae,8.0581,-76.859
Bucco noanamae,8.0894,-76.837
Bucco noanamae,7.8106,-77.1483
Bucco noanamae,8.0543,-76.8348
Bucco noanamae,6.0527,-77.3609
Bucco noanamae,5.6241,-77.4195
Bucco noanamae,5.6191,-77.4291
Bucco noanamae,7.8444,-77.1355
Bucco noanamae,8.1963,-76.9122
Bucco noanamae,8.0364,-76.8709
Bucco noanamae,5.612,-77.4347
Bucco noanamae,6.1129,-77.4352
Bucco noanamae,5.682,-76.5985
Bucco noanamae,7.8399,-77.0347
Bucco noanamae,5.5714,-76.6276
Bucco noanamae,5.6744,-76.6305
Bucco noanamae,5.6265,-77.4161
Bucco noanamae,5.6273,-77.3922
Bucco noanamae,5.6136,-76.6429
